Certificate,Section,Module,Topic,Prompt,Answer,PromptType
AZ-900: Microsoft Azure Fundamentals,Describe Cloud Concepts,Describe Cloud Computing,Define Cloud Computing,<p>Cloud Computing</p>,"<p>The delivery of computing services over the internet.<br/>This includes common infrastructure such as:</p><ul>    <li>virtual machines.</li>	<li>storage.</li> 	<li>databases. and </li>	<li>networking.</li></ul><p>And expansions on the traditional IT offering to things like:</p><ul>    <li>IoT.</li>	<li>ML. and</li> 	<li>Artifiical Intelligence.</li></ul>",Define
AZ-900: Microsoft Azure Fundamentals,Describe Cloud Concepts,Describe Cloud Computing,Define Cloud Computing,<p>What is the main advantage of Cloud Computing?</p>,<p>It's main advantage is that it is not constrained by physical infrastructure.</p>,Question
AZ-900: Microsoft Azure Fundamentals,Describe Cloud Concepts,Describe Cloud Computing,Define Cloud Computing,<p>Compute Power</p>,<p>How much processing your computer can do.</p>,Define
AZ-900: Microsoft Azure Fundamentals,Describe Cloud Concepts,Describe Cloud Computing,Define Cloud Computing,<p>Storage</p>,<p>The volume of data you can store on your device</p>,Define
AZ-900: Microsoft Azure Fundamentals,Describe Cloud Concepts,Describe Cloud Computing,The Shared Responsibility Model,<p>In the shared responsibility model. what is the cloud consumer/customer ALWAYS responsible for?</p>,"	<ul>    <li>Information and Data: stored in the cloud.</li>    <li>Devices (Mobile and PCs): allowed to connect to the cloud.</li>    <li>Accounts and Identities: of people services and devices within your organisation.</li></ul>",Question
AZ-900: Microsoft Azure Fundamentals,Describe Cloud Concepts,Describe Cloud Computing,The Shared Responsibility Model,<p>In the shared responsibility model. what is the cloud provider ALWAYS responsible for?</p>,<ul>    <li>The physical datacenter.</li>    <li>The physical network.</li>    <li>The physical hosts.</li></ul>,Question
AZ-900: Microsoft Azure Fundamentals,Describe Cloud Concepts,Describe Cloud Computing,The Shared Responsibility Model,<p>Who's responsible for <b>Information and Data</b> in the shared responsibility model when using each of the following:</p><ul>    <li>SaaS</li>    <li>PaaS</li>    <li>IaaS</li>    <li>On-premises</li></ul>,<ul>    <li>SaaS: Cloud Consumer</li>    <li>PaaS: Cloud Consumer</li>    <li>IaaS: Cloud Consumer</li>    <li>On-premises: Cloud Consumer</li></ul>,Question
AZ-900: Microsoft Azure Fundamentals,Describe Cloud Concepts,Describe Cloud Computing,The Shared Responsibility Model,<p>Who's responsible for <b>Devices (Mobiles. PCs. etc)</b> in the shared responsibility model when using each of the following:</p><ul>    <li>SaaS</li>    <li>PaaS</li>    <li>IaaS</li>    <li>On-premises</li></ul>,<ul>    <li>SaaS: Cloud Consumer</li>    <li>PaaS: Cloud Consumer</li>    <li>IaaS: Cloud Consumer</li>    <li>On-premises: Cloud Consumer</li></ul>,Question
AZ-900: Microsoft Azure Fundamentals,Describe Cloud Concepts,Describe Cloud Computing,The Shared Responsibility Model,<p>Who's responsible for <b>Accounts and Identities</b> in the shared responsibility model when using each of the following:</p><ul>    <li>SaaS</li>    <li>PaaS</li>    <li>IaaS</li>    <li>On-premises</li></ul>,<ul>    <li>SaaS: Cloud Consumer</li>    <li>PaaS: Cloud Consumer</li>    <li>IaaS: Cloud Consumer</li>    <li>On-premises: Cloud Consumer</li></ul>,Question
AZ-900: Microsoft Azure Fundamentals,Describe Cloud Concepts,Describe Cloud Computing,The Shared Responsibility Model,<p>Who's responsible for <b>Identity and Directory Infrastructure</b> in the shared responsibility model when using each of the following:</p><ul>    <li>SaaS</li>    <li>PaaS</li>    <li>IaaS</li>    <li>On-premises</li></ul>,<ul>    <li>SaaS: Shared Responsibility</li>    <li>PaaS: Shared Responsibility</li>    <li>IaaS: Cloud Consumer</li>    <li>On-premises: Cloud Consumer</li></ul>,Question
AZ-900: Microsoft Azure Fundamentals,Describe Cloud Concepts,Describe Cloud Computing,The Shared Responsibility Model,<p>Who's responsible for <b>Applications</b> in the shared responsibility model when using each of the following:</p><ul>    <li>SaaS</li>    <li>PaaS</li>    <li>IaaS</li>    <li>On-premises</li></ul>,<ul>    <li>SaaS: Cloud Provider</li>    <li>PaaS: Shared Responsibility</li>    <li>IaaS: Cloud Consumer</li>    <li>On-premises: Cloud Consumer</li></ul>,Question
AZ-900: Microsoft Azure Fundamentals,Describe Cloud Concepts,Describe Cloud Computing,The Shared Responsibility Model,<p>Who's responsible for <b>Network Controls</b> in the shared responsibility model when using each of the following:</p><ul>    <li>SaaS</li>    <li>PaaS</li>    <li>IaaS</li>    <li>On-premises</li></ul>,<ul>    <li>SaaS: Cloud Provider</li>    <li>PaaS: Shared Responsibility</li>    <li>IaaS: Cloud Consumer</li>    <li>On-premises: Cloud Consumer</li></ul>,Question
AZ-900: Microsoft Azure Fundamentals,Describe Cloud Concepts,Describe Cloud Computing,The Shared Responsibility Model,<p>Who's responsible for <b>Operating System</b> in the shared responsibility model when using each of the following:</p><ul>    <li>SaaS</li>    <li>PaaS</li>    <li>IaaS</li>    <li>On-premises</li></ul>,<ul>    <li>SaaS: Cloud Provider</li>    <li>PaaS: Cloud Provider</li>    <li>IaaS: Cloud Consumer</li>    <li>On-premises: Cloud Consumer</li></ul>,Question
AZ-900: Microsoft Azure Fundamentals,Describe Cloud Concepts,Describe Cloud Computing,The Shared Responsibility Model,<p>Who's responsible for <b>Physical Hosts</b> in the shared responsibility model when using each of the following:</p><ul>    <li>SaaS</li>    <li>PaaS</li>    <li>IaaS</li>    <li>On-premises</li></ul>,<ul>    <li>SaaS: Cloud Provider</li>    <li>PaaS: Cloud Provider</li>    <li>IaaS: Cloud Provider</li>    <li>On-premises: Cloud Consumer</li></ul>,Question
AZ-900: Microsoft Azure Fundamentals,Describe Cloud Concepts,Describe Cloud Computing,The Shared Responsibility Model,<p>Who's responsible for <b>Physical Network</b> in the shared responsibility model when using each of the following:</p><ul>    <li>SaaS</li>    <li>PaaS</li>    <li>IaaS</li>    <li>On-premises</li></ul>,<ul>    <li>SaaS: Cloud Provider</li>    <li>PaaS: Cloud Provider</li>    <li>IaaS: Cloud Provider</li>    <li>On-premises: Cloud Consumer</li></ul>,Question
AZ-900: Microsoft Azure Fundamentals,Describe Cloud Concepts,Describe Cloud Computing,The Shared Responsibility Model,<p>Who's responsible for <b>Physical Datacenter</b> in the shared responsibility model when using each of the following:</p><ul>    <li>SaaS</li>    <li>PaaS</li>    <li>IaaS</li>    <li>On-premises</li></ul>,<ul>    <li>SaaS: Cloud Provider</li>    <li>PaaS: Cloud Provider</li>    <li>IaaS: Cloud Provider</li>    <li>On-premises: Cloud Consumer</li></ul>,Question
AZ-900: Microsoft Azure Fundamentals,Describe Cloud Concepts,Describe Cloud Computing,Define Cloud Models,<p>Private Cloud</p>,<p>A cloud built. controlled. and maintained by a single entity.</p>,Define
AZ-900: Microsoft Azure Fundamentals,Describe Cloud Concepts,Describe Cloud Computing,Define Cloud Models,<p>Advantages of Private Cloud</p>,<ul>    <li>Complete control over resources and security.</li>    <li>Data is not colocated with other organisations data</li></ul>,Define
AZ-900: Microsoft Azure Fundamentals,Describe Cloud Concepts,Describe Cloud Computing,Define Cloud Models,<p>Disadvantages of Private Cloud</p>,<ul>    <li>Upfront CapEx cost: hardware must be purchased for startup and maintenance.</li>    <li>Lacks the benefits of public cloud.</li></ul>,Define
AZ-900: Microsoft Azure Fundamentals,Describe Cloud Concepts,Describe Cloud Computing,Define Cloud Models,<p>Public Cloud</p>,<p>Is built. controlled. and maintained by a third-party cloud provider. Anyone that wants to purchase cloud services can access and use resources. This availability is a key difference between other cloud models.</p>,Define
AZ-900: Microsoft Azure Fundamentals,Describe Cloud Concepts,Describe Cloud Computing,Define Cloud Models,<p>Advantages of Public Cloud</p>,<ul>    <li>No capital expenditures to scale up.</li>    <li>Applications can be quickly provisioned and deprovisioned.</li>    <li>Organizations pay only for what they use.</li></ul>,Define
AZ-900: Microsoft Azure Fundamentals,Describe Cloud Concepts,Describe Cloud Computing,Define Cloud Models,<p>Disadvantages of Public Cloud</p>,<ul>    <li>Organizations don't have complete control over resources and security.</li></ul>,Define
AZ-900: Microsoft Azure Fundamentals,Describe Cloud Concepts,Describe Cloud Computing,Define Cloud Models,<p>Hybrid Cloud</p>,<p>Uses both public and private cloud in an inter-connected environment.</p>,Define
AZ-900: Microsoft Azure Fundamentals,Describe Cloud Concepts,Describe Cloud Computing,Define Cloud Models,<p>Some use cases for Hybrid Cloud</p>,<ul>    <li>Can be used to allow a private cloud to surge for increase. temporary demand by deploying public cloud resources.</li>    <li>Can be used to provide an extra layer of security.<br/>For example. users can flexibly choose which services to keep in public cloud and which to deploy to their private cloud infrastructure.</li></ul>,Define
AZ-900: Microsoft Azure Fundamentals,Describe Cloud Concepts,Describe Cloud Computing,Define Cloud Models,<p>Advantages of Hybrid Cloud</p>,<ul>    <li>Provides the most flexibility.</li>    <li>Organisations can determine where to run their applications.</li>    <li>.</li></ul>,Define
AZ-900: Microsoft Azure Fundamentals,Describe Cloud Concepts,Describe Cloud Computing,Define Cloud Models,<p>Disadvantages of Hybrid Cloud</p>,<ul>    <li>Complexity of Management & Implementation</li></ul>,Define
AZ-900: Microsoft Azure Fundamentals,Describe Cloud Concepts,Describe Cloud Computing,Define Cloud Models,<p>Multi-cloud</p>,<p>Uses features from many cloud providers. you deal with two (or more) public cloud providers and manage resources and security in both environments.</p>,Define
AZ-900: Microsoft Azure Fundamentals,Describe Cloud Concepts,Describe Cloud Computing,Describe the Consumption-based Model,<p>Capital Expenditure (CapEx)</p>,<p>Typically a one-time. up-front expenditure to purchase or secure tangible resources.</p>,Define
AZ-900: Microsoft Azure Fundamentals,Describe Cloud Concepts,Describe Cloud Computing,Describe the Consumption-based Model,<p>Operational Expenditure (OpEx)</p>,<p>Typically spending money on services or products over time.</p>,Define
AZ-900: Microsoft Azure Fundamentals,Describe Cloud Concepts,Describe Cloud Computing,Describe the Consumption-based Model,<p>What are the two types of expenses to consider when comparing IT infrastructure models?</p>,<p>Capital Expenditure and Operational Expenditure</p>,Question
AZ-900: Microsoft Azure Fundamentals,Describe Cloud Concepts,Describe Cloud Computing,Describe the Consumption-based Model,<p>Benefits of the Consumption Based Model</p>,<ul>    <li>No upfront costs.</li>    <li>No need to purchase and manage costly infrastructure that users might not use to its fullest potential.</li>    <li>The ability to pay for more resources when they're needed.</li>    <li>The ability to stop paying for resources that are no longer needed.</li></ul>,Question
AZ-900: Microsoft Azure Fundamentals,Describe Cloud Concepts,Describe the Benefits of Using Cloud Services,Benefits of High Availability and Scalability,<p>High Availability</p>,<p>Focuses on ensuring maximum uptime. regardless of disruptions or events that may occur. Solutions must account for service availability guarantees. These are part of the Service Level Agreements (SLAs).</p>,Define
AZ-900: Microsoft Azure Fundamentals,Describe Cloud Concepts,Describe the Benefits of Using Cloud Services,Benefits of High Availability and Scalability,<p>Scalability</p>,<p>Refers to the ability to adjust resources to meet demand.</p>,Define
AZ-900: Microsoft Azure Fundamentals,Describe Cloud Concepts,Describe the Benefits of Using Cloud Services,Benefits of High Availability and Scalability,<p>Service Level Agreement (SLA)</p>,<p>A formal agreement between service provider and customer ensuring a certain level of service.</p>,Define
AZ-900: Microsoft Azure Fundamentals,Describe Cloud Concepts,Describe the Benefits of Using Cloud Services,Benefits of High Availability and Scalability,<p>How Azure represents its SLAs.</p>,<p>As a percentage of uptime for a service.</p>,Question
AZ-900: Microsoft Azure Fundamentals,Describe Cloud Concepts,Describe the Benefits of Using Cloud Services,Benefits of High Availability and Scalability,<p>The two types of scalability and their meaning.</p>,<ul>    <li>Horizontal: Adding or subtracting from the total number of resources.</li>    <li>Vertical: Increasing the capabilities of exisiting resources.</li></ul>,Question
AZ-900: Microsoft Azure Fundamentals,Describe Cloud Concepts,Describe the Benefits of Using Cloud Services,Benefits of High Availability and Scalability,<p>Horizontal Scaling</p>,<p>Adding or subtracting from the total number of resources.</p>,Define
AZ-900: Microsoft Azure Fundamentals,Describe Cloud Concepts,Describe the Benefits of Using Cloud Services,Benefits of High Availability and Scalability,<p>Vertical Scaling</p>,<p>Increasing the capabilities of exisiting resources.</p>,Define
AZ-900: Microsoft Azure Fundamentals,Describe Cloud Concepts,Describe the Benefits of Using Cloud Services,Benefits of High Availability and Scalability,<p>Benefits of scalability.</p>,<ul>    <li>Ability to adjust resources to meet demand.</li>    <li>Don't overpay for underutilised/overutilized services.</li>    <li>You only pay for what you use.</li></ul>,Question
AZ-900: Microsoft Azure Fundamentals,Describe Cloud Concepts,Describe the Benefits of Using Cloud Services,Benefits of Cloud,<p>The seven major benefits of using cloud services.</p>,<ul>    <li>High Availability</li>    <li>Scalability</li>    <li>Reliability</li>    <li>Predictability</li>    <li>Security</li>    <li>Governance</li>    <li>Manageability</li></ul>,Question
AZ-900: Microsoft Azure Fundamentals,Describe Cloud Concepts,Describe the Benefits of Using Cloud Services,Benefits of Reliability and Predictability,<p>Reliability</p>,<p>The ability of a system to recover from failures and continue to function.</p>,Define
AZ-900: Microsoft Azure Fundamentals,Describe Cloud Concepts,Describe the Benefits of Using Cloud Services,Benefits of Reliability and Predictability,<p>At a high level. how does Azure ensure Reliability for its consumers?</p>,<p>A decentralised design enables Azure cloud to deploy resources and backups around the world. thereby enabling failover even when experiencing a catastrophic event in an entire region.</p>,Question
AZ-900: Microsoft Azure Fundamentals,Describe Cloud Concepts,Describe the Benefits of Using Cloud Services,Benefits of Reliability and Predictability,<p>The two main focuses of Azure Cloud Predictability.</p>,<p>Performance. and Cost.</p>,Question
AZ-900: Microsoft Azure Fundamentals,Describe Cloud Concepts,Describe the Benefits of Using Cloud Services,Benefits of Reliability and Predictability,<p>Examples of Azure services and features which support performance predictability.</p>,<ul>    <li>Autoscaling</li>    <li>Load Balancing</li>    <li>High Availability</li></ul>,Question
AZ-900: Microsoft Azure Fundamentals,Describe Cloud Concepts,Describe the Benefits of Using Cloud Services,Benefits of Reliability and Predictability,<p>Azure cloud tools that can estimate potential cloud spend.</p>,<ul>    <li>Total Cost of Ownership (TCO).</li>    <li>Pricing Calculator.</li></ul>,Question
AZ-900: Microsoft Azure Fundamentals,Describe Cloud Concepts,Describe the Benefits of Using Cloud Services,Benefits of Reliability and Predictability,<p>How cloud supports cost predictability.</p>,<ul>    <li>Track resource use in real time.</li>    <li>Monitor resources to ensure efficeint use.</li>    <li>Apply data analytics to find patterns for planning better resource deployment.</li></ul>,Question
AZ-900: Microsoft Azure Fundamentals,Describe Cloud Concepts,Describe the Benefits of Using Cloud Services,Benefits of Reliability and Predictability,<p>Cost Predictability</p>,<p>Focuses on predicting or forecasting the cost of the cloud spend.</p>,Define
AZ-900: Microsoft Azure Fundamentals,Describe Cloud Concepts,Describe the Benefits of Using Cloud Services,Benefits of Security and Governance,<p>Examples of how Azure enables sound Governance.</p>,<ul>    <li>Ability to set templates to ensure that all deployed resources meet corportate and government regulatory requirements.</li>    <li>Ability to update all deployed resources to new standards as they change.</li>    <li>Cloud-based auditing to flag resources which are out of compliance.</li>    <li>Automatic application of software patches and updates.</li></ul>,Question
AZ-900: Microsoft Azure Fundamentals,Describe Cloud Concepts,Describe the Benefits of Using Cloud Services,Benefits of Security and Governance,<p>At a high level. how does Azure enable robust Security.</p>,<p>At a high level. how does Azure enable robust Security.</p><ul>    <li>Allows consumers to choose the level of security control (i.e. The IaaS model enables manual access to OS. software patches etc. whereas PaaS automatically takes care of updates for you).</li>    <li>Cloud providers are typically more well suited to handle common security events like Distributed Denial of Service (DDoS) attacks.</li></ul>,Question
AZ-900: Microsoft Azure Fundamentals,Describe Cloud Concepts,Describe the Benefits of Using Cloud Services,Benefits of Manageability,<p>The two types of manageability for cloud computing.</p>,<ul>    <li>Management <b>of</b> the cloud: Managing your cloud environment and resources.</li>    <li>Management <b>in</b> the cloud: How you are able to manage your cloud environment and resources</li></ul>,Question
AZ-900: Microsoft Azure Fundamentals,Describe Cloud Concepts,Describe the Benefits of Using Cloud Services,Benefits of Manageability,<p>What tools are available to manage your cloud environment.</p>,<ul>    <li>Through the Web Portal.</li>    <li>Using a Command Line Interface.</li>    <li>Using APIs.</li>    <li>Using PowerShell.</li></ul>,Question
AZ-900: Microsoft Azure Fundamentals,Describe Cloud Concepts,Describe Cloud Service Types,Describe Infrastructure as a Service,<p>Infrastructure as a Service (IaaS)</p>,<p>Cloud provider is responsible for maintaining hardware. network connectivity. and physical security. <br /> The consumer is responsible for everything else.</p>,Define
AZ-900: Microsoft Azure Fundamentals,Describe Cloud Concepts,Describe Cloud Service Types,Describe Infrastructure as a Service,<p>Biggest benefit of IaaS</p>,<ul>    <li>Provides the most flexibility. the maximum amount of control for cloud resources.</li></ul>,Question
AZ-900: Microsoft Azure Fundamentals,Describe Cloud Concepts,Describe Cloud Service Types,Describe Infrastructure as a Service,<p>Scenarios in which IaaS is used.</p>,<ul>    <li>Lift and Shift migration: standing up cloud resources to migrate to.</li>    <li>You have established configs for development and test environments that need to rapidly replicate.</li></ul>,Question
AZ-900: Microsoft Azure Fundamentals,Describe Cloud Concepts,Describe Cloud Service Types,Describe Platform as a Service,<p>In Platform as a Service (PaaS). the cloud provider maintains:</p>,<ul>    <li>Physical infrastructure. security. and networks (inc. internet connection). and</li>    <li>The operating systems. databses. and development tools.</li></ul>,Question
AZ-900: Microsoft Azure Fundamentals,Describe Cloud Concepts,Describe Cloud Service Types,Describe Platform as a Service,<p>Biggest benefit of PaaS</p>,<p>Provides a complete development environment without the headache of maintaining all the development infrastructure.</p>,Question
AZ-900: Microsoft Azure Fundamentals,Describe Cloud Concepts,Describe Cloud Service Types,Describe Platform as a Service,<p>Scenarios in which PaaS is used.</p>,<ul>    <li>Development framework: PaaS provides a framework that developers can build upon to develop or customize cloud-based applications. PaaS lets developers create applications using built-in software components.</li>    <li>Analytics or business intelligence Tools provided as a service with PaaS allow organizations to analyze and mine their data. finding insights and patterns and predicting outcomes to improve forecasting. product design decisions. investment returns. and other business decisions.</li></ul>,Question
AZ-900: Microsoft Azure Fundamentals,Describe Cloud Concepts,Describe Cloud Service Types,Describe Software as a Service,<p>Software as a Service (SaaS)</p>,<p>The most complete cloud service model. from a product perspective. With SaaS. you're essentially renting or using a fully developed application. Email . financial software. messaging applications. and connectivity software are all common examples of a SaaS implementation</p>,Define
AZ-900: Microsoft Azure Fundamentals,Describe Cloud Concepts,Describe Cloud Service Types,Describe Software as a Service,<p>Biggest benefit of SaaS</p>,<p>While the SaaS model may be the least flexible. it's also the easiest to get up and running. It require the least amount of technical knowledge or expertise to fully employ.</p>,Question
AZ-900: Microsoft Azure Fundamentals,Describe Cloud Concepts,Describe Cloud Service Types,Describe Software as a Service,<p>In Software as a Service (SaaS). the cloud provider is responsible for:</p>,<ul>    <li>Everything apart from:</li>    <li>The data you put into the system.</li>    <li>The devices you allow to connect to the system. and the users that have access.</li></ul>,Question
AZ-900: Microsoft Azure Fundamentals,Describe Cloud Concepts,Describe Cloud Service Types,Describe Software as a Service,<p>Scenarios in which SaaS is used.</p>,<ul>    <li>Email and Messaging.</li>    <li>Business productivity applications.</li>    <li>Finance and expense tracking.</li></ul>,Question
